fastq,projid,Subject
D17-8753_S1_L001_I1_001.fastq.gz,11409232,ROS13
D17-8753_S1_L001_R1_001.fastq.gz,11409232,ROS13
D17-8753_S1_L001_R2_001.fastq.gz,11409232,ROS13
D17-8753_S1_L002_I1_001.fastq.gz,11409232,ROS13
D17-8753_S1_L002_R1_001.fastq.gz,11409232,ROS13
D17-8753_S1_L002_R2_001.fastq.gz,11409232,ROS13
D17-8753_S1_L003_I1_001.fastq.gz,11409232,ROS13
D17-8753_S1_L003_R1_001.fastq.gz,11409232,ROS13
D17-8753_S1_L003_R2_001.fastq.gz,11409232,ROS13
D17-8753_S1_L004_I1_001.fastq.gz,11409232,ROS13
D17-8753_S1_L004_R1_001.fastq.gz,11409232,ROS13
D17-8753_S1_L004_R2_001.fastq.gz,11409232,ROS13
D17-8754_S2_L001_I1_001.fastq.gz,11336574,ROS45
D17-8754_S2_L001_R1_001.fastq.gz,11336574,ROS45
D17-8754_S2_L001_R2_001.fastq.gz,11336574,ROS45
D17-8754_S2_L002_I1_001.fastq.gz,11336574,ROS45
D17-8754_S2_L002_R1_001.fastq.gz,11336574,ROS45
D17-8754_S2_L002_R2_001.fastq.gz,11336574,ROS45
D17-8754_S2_L003_I1_001.fastq.gz,11336574,ROS45
D17-8754_S2_L003_R1_001.fastq.gz,11336574,ROS45
D17-8754_S2_L003_R2_001.fastq.gz,11336574,ROS45
D17-8754_S2_L004_I1_001.fastq.gz,11336574,ROS45
D17-8754_S2_L004_R1_001.fastq.gz,11336574,ROS45
D17-8754_S2_L004_R2_001.fastq.gz,11336574,ROS45
D17-8755_S3_L001_I1_001.fastq.gz,10260309,ROS14
D17-8755_S3_L001_R1_001.fastq.gz,10260309,ROS14
D17-8755_S3_L001_R2_001.fastq.gz,10260309,ROS14
D17-8755_S3_L002_I1_001.fastq.gz,10260309,ROS14
D17-8755_S3_L002_R1_001.fastq.gz,10260309,ROS14
D17-8755_S3_L002_R2_001.fastq.gz,10260309,ROS14
D17-8755_S3_L003_I1_001.fastq.gz,10260309,ROS14
D17-8755_S3_L003_R1_001.fastq.gz,10260309,ROS14
D17-8755_S3_L003_R2_001.fastq.gz,10260309,ROS14
D17-8755_S3_L004_I1_001.fastq.gz,10260309,ROS14
D17-8755_S3_L004_R1_001.fastq.gz,10260309,ROS14
D17-8755_S3_L004_R2_001.fastq.gz,10260309,ROS14
D17-8756_S4_L001_I1_001.fastq.gz,10248033,ROS38
D17-8756_S4_L001_R1_001.fastq.gz,10248033,ROS38
D17-8756_S4_L001_R2_001.fastq.gz,10248033,ROS38
D17-8756_S4_L002_I1_001.fastq.gz,10248033,ROS38
D17-8756_S4_L002_R1_001.fastq.gz,10248033,ROS38
D17-8756_S4_L002_R2_001.fastq.gz,10248033,ROS38
D17-8756_S4_L003_I1_001.fastq.gz,10248033,ROS38
D17-8756_S4_L003_R1_001.fastq.gz,10248033,ROS38
D17-8756_S4_L003_R2_001.fastq.gz,10248033,ROS38
D17-8756_S4_L004_I1_001.fastq.gz,10248033,ROS38
D17-8756_S4_L004_R1_001.fastq.gz,10248033,ROS38
D17-8756_S4_L004_R2_001.fastq.gz,10248033,ROS38
D17-8757_S1_L001_I1_001.fastq.gz,20207013,ROS1
D17-8757_S1_L001_R1_001.fastq.gz,20207013,ROS1
D17-8757_S1_L001_R2_001.fastq.gz,20207013,ROS1
D17-8757_S1_L002_I1_001.fastq.gz,20207013,ROS1
D17-8757_S1_L002_R1_001.fastq.gz,20207013,ROS1
D17-8757_S1_L002_R2_001.fastq.gz,20207013,ROS1
D17-8757_S1_L003_I1_001.fastq.gz,20207013,ROS1
D17-8757_S1_L003_R1_001.fastq.gz,20207013,ROS1
D17-8757_S1_L003_R2_001.fastq.gz,20207013,ROS1
D17-8757_S1_L004_I1_001.fastq.gz,20207013,ROS1
D17-8757_S1_L004_R1_001.fastq.gz,20207013,ROS1
D17-8757_S1_L004_R2_001.fastq.gz,20207013,ROS1
D17-8758_S2_L001_I1_001.fastq.gz,20112377,ROS34
D17-8758_S2_L001_R1_001.fastq.gz,20112377,ROS34
D17-8758_S2_L001_R2_001.fastq.gz,20112377,ROS34
D17-8758_S2_L002_I1_001.fastq.gz,20112377,ROS34
D17-8758_S2_L002_R1_001.fastq.gz,20112377,ROS34
D17-8758_S2_L002_R2_001.fastq.gz,20112377,ROS34
D17-8758_S2_L003_I1_001.fastq.gz,20112377,ROS34
D17-8758_S2_L003_R1_001.fastq.gz,20112377,ROS34
D17-8758_S2_L003_R2_001.fastq.gz,20112377,ROS34
D17-8758_S2_L004_I1_001.fastq.gz,20112377,ROS34
D17-8758_S2_L004_R1_001.fastq.gz,20112377,ROS34
D17-8758_S2_L004_R2_001.fastq.gz,20112377,ROS34
D17-8759_S3_L001_I1_001.fastq.gz,10514454,ROS15
D17-8759_S3_L001_R1_001.fastq.gz,10514454,ROS15
D17-8759_S3_L001_R2_001.fastq.gz,10514454,ROS15
D17-8759_S3_L002_I1_001.fastq.gz,10514454,ROS15
D17-8759_S3_L002_R1_001.fastq.gz,10514454,ROS15
D17-8759_S3_L002_R2_001.fastq.gz,10514454,ROS15
D17-8759_S3_L003_I1_001.fastq.gz,10514454,ROS15
D17-8759_S3_L003_R1_001.fastq.gz,10514454,ROS15
D17-8759_S3_L003_R2_001.fastq.gz,10514454,ROS15
D17-8759_S3_L004_I1_001.fastq.gz,10514454,ROS15
D17-8759_S3_L004_R1_001.fastq.gz,10514454,ROS15
D17-8759_S3_L004_R2_001.fastq.gz,10514454,ROS15
D17-8760_S4_L001_I1_001.fastq.gz,10290265,ROS37
D17-8760_S4_L001_R1_001.fastq.gz,10290265,ROS37
D17-8760_S4_L001_R2_001.fastq.gz,10290265,ROS37
D17-8760_S4_L002_I1_001.fastq.gz,10290265,ROS37
D17-8760_S4_L002_R1_001.fastq.gz,10290265,ROS37
D17-8760_S4_L002_R2_001.fastq.gz,10290265,ROS37
D17-8760_S4_L003_I1_001.fastq.gz,10290265,ROS37
D17-8760_S4_L003_R1_001.fastq.gz,10290265,ROS37
D17-8760_S4_L003_R2_001.fastq.gz,10290265,ROS37
D17-8760_S4_L004_I1_001.fastq.gz,10290265,ROS37
D17-8760_S4_L004_R1_001.fastq.gz,10290265,ROS37
D17-8760_S4_L004_R2_001.fastq.gz,10290265,ROS37
D17-8761_S1_L001_I1_001.fastq.gz,21412626,ROS2
D17-8761_S1_L001_R1_001.fastq.gz,21412626,ROS2
D17-8761_S1_L001_R2_001.fastq.gz,21412626,ROS2
D17-8761_S1_L002_I1_001.fastq.gz,21412626,ROS2
D17-8761_S1_L002_R1_001.fastq.gz,21412626,ROS2
D17-8761_S1_L002_R2_001.fastq.gz,21412626,ROS2
D17-8761_S1_L003_I1_001.fastq.gz,21412626,ROS2
D17-8761_S1_L003_R1_001.fastq.gz,21412626,ROS2
D17-8761_S1_L003_R2_001.fastq.gz,21412626,ROS2
D17-8761_S1_L004_I1_001.fastq.gz,21412626,ROS2
D17-8761_S1_L004_R1_001.fastq.gz,21412626,ROS2
D17-8761_S1_L004_R2_001.fastq.gz,21412626,ROS2
D17-8762_S2_L001_I1_001.fastq.gz,20170043,ROS32
D17-8762_S2_L001_R1_001.fastq.gz,20170043,ROS32
D17-8762_S2_L001_R2_001.fastq.gz,20170043,ROS32
D17-8762_S2_L002_I1_001.fastq.gz,20170043,ROS32
D17-8762_S2_L002_R1_001.fastq.gz,20170043,ROS32
D17-8762_S2_L002_R2_001.fastq.gz,20170043,ROS32
D17-8762_S2_L003_I1_001.fastq.gz,20170043,ROS32
D17-8762_S2_L003_R1_001.fastq.gz,20170043,ROS32
D17-8762_S2_L003_R2_001.fastq.gz,20170043,ROS32
D17-8762_S2_L004_I1_001.fastq.gz,20170043,ROS32
D17-8762_S2_L004_R1_001.fastq.gz,20170043,ROS32
D17-8762_S2_L004_R2_001.fastq.gz,20170043,ROS32
D17-8763_S3_L001_I1_001.fastq.gz,20956867,ROS3
D17-8763_S3_L001_R1_001.fastq.gz,20956867,ROS3
D17-8763_S3_L001_R2_001.fastq.gz,20956867,ROS3
D17-8763_S3_L002_I1_001.fastq.gz,20956867,ROS3
D17-8763_S3_L002_R1_001.fastq.gz,20956867,ROS3
D17-8763_S3_L002_R2_001.fastq.gz,20956867,ROS3
D17-8763_S3_L003_I1_001.fastq.gz,20956867,ROS3
D17-8763_S3_L003_R1_001.fastq.gz,20956867,ROS3
D17-8763_S3_L003_R2_001.fastq.gz,20956867,ROS3
D17-8763_S3_L004_I1_001.fastq.gz,20956867,ROS3
D17-8763_S3_L004_R1_001.fastq.gz,20956867,ROS3
D17-8763_S3_L004_R2_001.fastq.gz,20956867,ROS3
D17-8764_S4_L001_I1_001.fastq.gz,21172121,ROS29
D17-8764_S4_L001_R1_001.fastq.gz,21172121,ROS29
D17-8764_S4_L001_R2_001.fastq.gz,21172121,ROS29
D17-8764_S4_L002_I1_001.fastq.gz,21172121,ROS29
D17-8764_S4_L002_R1_001.fastq.gz,21172121,ROS29
D17-8764_S4_L002_R2_001.fastq.gz,21172121,ROS29
D17-8764_S4_L003_I1_001.fastq.gz,21172121,ROS29
D17-8764_S4_L003_R1_001.fastq.gz,21172121,ROS29
D17-8764_S4_L003_R2_001.fastq.gz,21172121,ROS29
D17-8764_S4_L004_I1_001.fastq.gz,21172121,ROS29
D17-8764_S4_L004_R1_001.fastq.gz,21172121,ROS29
D17-8764_S4_L004_R2_001.fastq.gz,21172121,ROS29
D17-8765_S1_L001_I1_001.fastq.gz,10536568,ROS16
D17-8765_S1_L001_R1_001.fastq.gz,10536568,ROS16
D17-8765_S1_L001_R2_001.fastq.gz,10536568,ROS16
D17-8765_S1_L002_I1_001.fastq.gz,10536568,ROS16
D17-8765_S1_L002_R1_001.fastq.gz,10536568,ROS16
D17-8765_S1_L002_R2_001.fastq.gz,10536568,ROS16
D17-8765_S1_L003_I1_001.fastq.gz,10536568,ROS16
D17-8765_S1_L003_R1_001.fastq.gz,10536568,ROS16
D17-8765_S1_L003_R2_001.fastq.gz,10536568,ROS16
D17-8765_S1_L004_I1_001.fastq.gz,10536568,ROS16
D17-8765_S1_L004_R1_001.fastq.gz,10536568,ROS16
D17-8765_S1_L004_R2_001.fastq.gz,10536568,ROS16
D17-8766_S2_L001_I1_001.fastq.gz,10222853,ROS41
D17-8766_S2_L001_R1_001.fastq.gz,10222853,ROS41
D17-8766_S2_L001_R2_001.fastq.gz,10222853,ROS41
D17-8766_S2_L002_I1_001.fastq.gz,10222853,ROS41
D17-8766_S2_L002_R1_001.fastq.gz,10222853,ROS41
D17-8766_S2_L002_R2_001.fastq.gz,10222853,ROS41
D17-8766_S2_L003_I1_001.fastq.gz,10222853,ROS41
D17-8766_S2_L003_R1_001.fastq.gz,10222853,ROS41
D17-8766_S2_L003_R2_001.fastq.gz,10222853,ROS41
D17-8766_S2_L004_I1_001.fastq.gz,10222853,ROS41
D17-8766_S2_L004_R1_001.fastq.gz,10222853,ROS41
D17-8766_S2_L004_R2_001.fastq.gz,10222853,ROS41
D17-8767_S3_L001_I1_001.fastq.gz,10288185,ROS17
D17-8767_S3_L001_R1_001.fastq.gz,10288185,ROS17
D17-8767_S3_L001_R2_001.fastq.gz,10288185,ROS17
D17-8767_S3_L002_I1_001.fastq.gz,10288185,ROS17
D17-8767_S3_L002_R1_001.fastq.gz,10288185,ROS17
D17-8767_S3_L002_R2_001.fastq.gz,10288185,ROS17
D17-8767_S3_L003_I1_001.fastq.gz,10288185,ROS17
D17-8767_S3_L003_R1_001.fastq.gz,10288185,ROS17
D17-8767_S3_L003_R2_001.fastq.gz,10288185,ROS17
D17-8767_S3_L004_I1_001.fastq.gz,10288185,ROS17
D17-8767_S3_L004_R1_001.fastq.gz,10288185,ROS17
D17-8767_S3_L004_R2_001.fastq.gz,10288185,ROS17
D17-8768_S4_L001_I1_001.fastq.gz,11200645,ROS43
D17-8768_S4_L001_R1_001.fastq.gz,11200645,ROS43
D17-8768_S4_L001_R2_001.fastq.gz,11200645,ROS43
D17-8768_S4_L002_I1_001.fastq.gz,11200645,ROS43
D17-8768_S4_L002_R1_001.fastq.gz,11200645,ROS43
D17-8768_S4_L002_R2_001.fastq.gz,11200645,ROS43
D17-8768_S4_L003_I1_001.fastq.gz,11200645,ROS43
D17-8768_S4_L003_R1_001.fastq.gz,11200645,ROS43
D17-8768_S4_L003_R2_001.fastq.gz,11200645,ROS43
D17-8768_S4_L004_I1_001.fastq.gz,11200645,ROS43
D17-8768_S4_L004_R1_001.fastq.gz,11200645,ROS43
D17-8768_S4_L004_R2_001.fastq.gz,11200645,ROS43
D17-8769_S1_L001_I1_001.fastq.gz,20104101,ROS4
D17-8769_S1_L001_R1_001.fastq.gz,20104101,ROS4
D17-8769_S1_L001_R2_001.fastq.gz,20104101,ROS4
D17-8769_S1_L002_I1_001.fastq.gz,20104101,ROS4
D17-8769_S1_L002_R1_001.fastq.gz,20104101,ROS4
D17-8769_S1_L002_R2_001.fastq.gz,20104101,ROS4
D17-8769_S1_L003_I1_001.fastq.gz,20104101,ROS4
D17-8769_S1_L003_R1_001.fastq.gz,20104101,ROS4
D17-8769_S1_L003_R2_001.fastq.gz,20104101,ROS4
D17-8769_S1_L004_I1_001.fastq.gz,20104101,ROS4
D17-8769_S1_L004_R1_001.fastq.gz,20104101,ROS4
D17-8769_S1_L004_R2_001.fastq.gz,20104101,ROS4
D17-8770_S2_L001_I1_001.fastq.gz,20261901,ROS33
D17-8770_S2_L001_R1_001.fastq.gz,20261901,ROS33
D17-8770_S2_L001_R2_001.fastq.gz,20261901,ROS33
D17-8770_S2_L002_I1_001.fastq.gz,20261901,ROS33
D17-8770_S2_L002_R1_001.fastq.gz,20261901,ROS33
D17-8770_S2_L002_R2_001.fastq.gz,20261901,ROS33
D17-8770_S2_L003_I1_001.fastq.gz,20261901,ROS33
D17-8770_S2_L003_R1_001.fastq.gz,20261901,ROS33
D17-8770_S2_L003_R2_001.fastq.gz,20261901,ROS33
D17-8770_S2_L004_I1_001.fastq.gz,20261901,ROS33
D17-8770_S2_L004_R1_001.fastq.gz,20261901,ROS33
D17-8770_S2_L004_R2_001.fastq.gz,20261901,ROS33
D17-8771_S3_L001_I1_001.fastq.gz,11342432,ROS18
D17-8771_S3_L001_R1_001.fastq.gz,11342432,ROS18
D17-8771_S3_L001_R2_001.fastq.gz,11342432,ROS18
D17-8771_S3_L002_I1_001.fastq.gz,11342432,ROS18
D17-8771_S3_L002_R1_001.fastq.gz,11342432,ROS18
D17-8771_S3_L002_R2_001.fastq.gz,11342432,ROS18
D17-8771_S3_L003_I1_001.fastq.gz,11342432,ROS18
D17-8771_S3_L003_R1_001.fastq.gz,11342432,ROS18
D17-8771_S3_L003_R2_001.fastq.gz,11342432,ROS18
D17-8771_S3_L004_I1_001.fastq.gz,11342432,ROS18
D17-8771_S3_L004_R1_001.fastq.gz,11342432,ROS18
D17-8771_S3_L004_R2_001.fastq.gz,11342432,ROS18
D17-8772_S4_L001_I1_001.fastq.gz,10101327,ROS39
D17-8772_S4_L001_R1_001.fastq.gz,10101327,ROS39
D17-8772_S4_L001_R2_001.fastq.gz,10101327,ROS39
D17-8772_S4_L002_I1_001.fastq.gz,10101327,ROS39
D17-8772_S4_L002_R1_001.fastq.gz,10101327,ROS39
D17-8772_S4_L002_R2_001.fastq.gz,10101327,ROS39
D17-8772_S4_L003_I1_001.fastq.gz,10101327,ROS39
D17-8772_S4_L003_R1_001.fastq.gz,10101327,ROS39
D17-8772_S4_L003_R2_001.fastq.gz,10101327,ROS39
D17-8772_S4_L004_I1_001.fastq.gz,10101327,ROS39
D17-8772_S4_L004_R1_001.fastq.gz,10101327,ROS39
D17-8772_S4_L004_R2_001.fastq.gz,10101327,ROS39
D17-8773_S1_L001_I1_001.fastq.gz,21142003,ROS5
D17-8773_S1_L001_R1_001.fastq.gz,21142003,ROS5
D17-8773_S1_L001_R2_001.fastq.gz,21142003,ROS5
D17-8773_S1_L002_I1_001.fastq.gz,21142003,ROS5
D17-8773_S1_L002_R1_001.fastq.gz,21142003,ROS5
D17-8773_S1_L002_R2_001.fastq.gz,21142003,ROS5
D17-8773_S1_L003_I1_001.fastq.gz,21142003,ROS5
D17-8773_S1_L003_R1_001.fastq.gz,21142003,ROS5
D17-8773_S1_L003_R2_001.fastq.gz,21142003,ROS5
D17-8773_S1_L004_I1_001.fastq.gz,21142003,ROS5
D17-8773_S1_L004_R1_001.fastq.gz,21142003,ROS5
D17-8773_S1_L004_R2_001.fastq.gz,21142003,ROS5
D17-8774_S2_L001_I1_001.fastq.gz,76647134,ROS25
D17-8774_S2_L001_R1_001.fastq.gz,76647134,ROS25
D17-8774_S2_L001_R2_001.fastq.gz,76647134,ROS25
D17-8774_S2_L002_I1_001.fastq.gz,76647134,ROS25
D17-8774_S2_L002_R1_001.fastq.gz,76647134,ROS25
D17-8774_S2_L002_R2_001.fastq.gz,76647134,ROS25
D17-8774_S2_L003_I1_001.fastq.gz,76647134,ROS25
D17-8774_S2_L003_R1_001.fastq.gz,76647134,ROS25
D17-8774_S2_L003_R2_001.fastq.gz,76647134,ROS25
D17-8774_S2_L004_I1_001.fastq.gz,76647134,ROS25
D17-8774_S2_L004_R1_001.fastq.gz,76647134,ROS25
D17-8774_S2_L004_R2_001.fastq.gz,76647134,ROS25
D17-8775_S3_L001_I1_001.fastq.gz,20179164,ROS6
D17-8775_S3_L001_R1_001.fastq.gz,20179164,ROS6
D17-8775_S3_L001_R2_001.fastq.gz,20179164,ROS6
D17-8775_S3_L002_I1_001.fastq.gz,20179164,ROS6
D17-8775_S3_L002_R1_001.fastq.gz,20179164,ROS6
D17-8775_S3_L002_R2_001.fastq.gz,20179164,ROS6
D17-8775_S3_L003_I1_001.fastq.gz,20179164,ROS6
D17-8775_S3_L003_R1_001.fastq.gz,20179164,ROS6
D17-8775_S3_L003_R2_001.fastq.gz,20179164,ROS6
D17-8775_S3_L004_I1_001.fastq.gz,20179164,ROS6
D17-8775_S3_L004_R1_001.fastq.gz,20179164,ROS6
D17-8775_S3_L004_R2_001.fastq.gz,20179164,ROS6
D17-8776_S4_L001_I1_001.fastq.gz,21159840,ROS31
D17-8776_S4_L001_R1_001.fastq.gz,21159840,ROS31
D17-8776_S4_L001_R2_001.fastq.gz,21159840,ROS31
D17-8776_S4_L002_I1_001.fastq.gz,21159840,ROS31
D17-8776_S4_L002_R1_001.fastq.gz,21159840,ROS31
D17-8776_S4_L002_R2_001.fastq.gz,21159840,ROS31
D17-8776_S4_L003_I1_001.fastq.gz,21159840,ROS31
D17-8776_S4_L003_R1_001.fastq.gz,21159840,ROS31
D17-8776_S4_L003_R2_001.fastq.gz,21159840,ROS31
D17-8776_S4_L004_I1_001.fastq.gz,21159840,ROS31
D17-8776_S4_L004_R1_001.fastq.gz,21159840,ROS31
D17-8776_S4_L004_R2_001.fastq.gz,21159840,ROS31
D17-8777_S1_L001_I1_001.fastq.gz,20977678,ROS11
D17-8777_S1_L001_R1_001.fastq.gz,20977678,ROS11
D17-8777_S1_L001_R2_001.fastq.gz,20977678,ROS11
D17-8777_S1_L002_I1_001.fastq.gz,20977678,ROS11
D17-8777_S1_L002_R1_001.fastq.gz,20977678,ROS11
D17-8777_S1_L002_R2_001.fastq.gz,20977678,ROS11
D17-8777_S1_L003_I1_001.fastq.gz,20977678,ROS11
D17-8777_S1_L003_R1_001.fastq.gz,20977678,ROS11
D17-8777_S1_L003_R2_001.fastq.gz,20977678,ROS11
D17-8777_S1_L004_I1_001.fastq.gz,20977678,ROS11
D17-8777_S1_L004_R1_001.fastq.gz,20977678,ROS11
D17-8777_S1_L004_R2_001.fastq.gz,20977678,ROS11
D17-8778_S2_L001_I1_001.fastq.gz,21189544,ROS26
D17-8778_S2_L001_R1_001.fastq.gz,21189544,ROS26
D17-8778_S2_L001_R2_001.fastq.gz,21189544,ROS26
D17-8778_S2_L002_I1_001.fastq.gz,21189544,ROS26
D17-8778_S2_L002_R1_001.fastq.gz,21189544,ROS26
D17-8778_S2_L002_R2_001.fastq.gz,21189544,ROS26
D17-8778_S2_L003_I1_001.fastq.gz,21189544,ROS26
D17-8778_S2_L003_R1_001.fastq.gz,21189544,ROS26
D17-8778_S2_L003_R2_001.fastq.gz,21189544,ROS26
D17-8778_S2_L004_I1_001.fastq.gz,21189544,ROS26
D17-8778_S2_L004_R1_001.fastq.gz,21189544,ROS26
D17-8778_S2_L004_R2_001.fastq.gz,21189544,ROS26
D17-8779_S3_L001_I1_001.fastq.gz,20254740,ROS12
D17-8779_S3_L001_R1_001.fastq.gz,20254740,ROS12
D17-8779_S3_L001_R2_001.fastq.gz,20254740,ROS12
D17-8779_S3_L002_I1_001.fastq.gz,20254740,ROS12
D17-8779_S3_L002_R1_001.fastq.gz,20254740,ROS12
D17-8779_S3_L002_R2_001.fastq.gz,20254740,ROS12
D17-8779_S3_L003_I1_001.fastq.gz,20254740,ROS12
D17-8779_S3_L003_R1_001.fastq.gz,20254740,ROS12
D17-8779_S3_L003_R2_001.fastq.gz,20254740,ROS12
D17-8779_S3_L004_I1_001.fastq.gz,20254740,ROS12
D17-8779_S3_L004_R1_001.fastq.gz,20254740,ROS12
D17-8779_S3_L004_R2_001.fastq.gz,20254740,ROS12
D17-8780_S4_L001_I1_001.fastq.gz,20963866,ROS35
D17-8780_S4_L001_R1_001.fastq.gz,20963866,ROS35
D17-8780_S4_L001_R2_001.fastq.gz,20963866,ROS35
D17-8780_S4_L002_I1_001.fastq.gz,20963866,ROS35
D17-8780_S4_L002_R1_001.fastq.gz,20963866,ROS35
D17-8780_S4_L002_R2_001.fastq.gz,20963866,ROS35
D17-8780_S4_L003_I1_001.fastq.gz,20963866,ROS35
D17-8780_S4_L003_R1_001.fastq.gz,20963866,ROS35
D17-8780_S4_L003_R2_001.fastq.gz,20963866,ROS35
D17-8780_S4_L004_I1_001.fastq.gz,20963866,ROS35
D17-8780_S4_L004_R1_001.fastq.gz,20963866,ROS35
D17-8780_S4_L004_R2_001.fastq.gz,20963866,ROS35
D17-8781_S1_L001_I1_001.fastq.gz,10261026,ROS19
D17-8781_S1_L001_R1_001.fastq.gz,10261026,ROS19
D17-8781_S1_L001_R2_001.fastq.gz,10261026,ROS19
D17-8781_S1_L002_I1_001.fastq.gz,10261026,ROS19
D17-8781_S1_L002_R1_001.fastq.gz,10261026,ROS19
D17-8781_S1_L002_R2_001.fastq.gz,10261026,ROS19
D17-8781_S1_L003_I1_001.fastq.gz,10261026,ROS19
D17-8781_S1_L003_R1_001.fastq.gz,10261026,ROS19
D17-8781_S1_L003_R2_001.fastq.gz,10261026,ROS19
D17-8781_S1_L004_I1_001.fastq.gz,10261026,ROS19
D17-8781_S1_L004_R1_001.fastq.gz,10261026,ROS19
D17-8781_S1_L004_R2_001.fastq.gz,10261026,ROS19
D17-8782_S2_L001_I1_001.fastq.gz,11310718,ROS44
D17-8782_S2_L001_R1_001.fastq.gz,11310718,ROS44
D17-8782_S2_L001_R2_001.fastq.gz,11310718,ROS44
D17-8782_S2_L002_I1_001.fastq.gz,11310718,ROS44
D17-8782_S2_L002_R1_001.fastq.gz,11310718,ROS44
D17-8782_S2_L002_R2_001.fastq.gz,11310718,ROS44
D17-8782_S2_L003_I1_001.fastq.gz,11310718,ROS44
D17-8782_S2_L003_R1_001.fastq.gz,11310718,ROS44
D17-8782_S2_L003_R2_001.fastq.gz,11310718,ROS44
D17-8782_S2_L004_I1_001.fastq.gz,11310718,ROS44
D17-8782_S2_L004_R1_001.fastq.gz,11310718,ROS44
D17-8782_S2_L004_R2_001.fastq.gz,11310718,ROS44
D17-8783_S3_L001_I1_001.fastq.gz,20149910,ROS7
D17-8783_S3_L001_R1_001.fastq.gz,20149910,ROS7
D17-8783_S3_L001_R2_001.fastq.gz,20149910,ROS7
D17-8783_S3_L002_I1_001.fastq.gz,20149910,ROS7
D17-8783_S3_L002_R1_001.fastq.gz,20149910,ROS7
D17-8783_S3_L002_R2_001.fastq.gz,20149910,ROS7
D17-8783_S3_L003_I1_001.fastq.gz,20149910,ROS7
D17-8783_S3_L003_R1_001.fastq.gz,20149910,ROS7
D17-8783_S3_L003_R2_001.fastq.gz,20149910,ROS7
D17-8783_S3_L004_I1_001.fastq.gz,20149910,ROS7
D17-8783_S3_L004_R1_001.fastq.gz,20149910,ROS7
D17-8783_S3_L004_R2_001.fastq.gz,20149910,ROS7
D17-8784_S4_L001_I1_001.fastq.gz,21135554,ROS36
D17-8784_S4_L001_R1_001.fastq.gz,21135554,ROS36
D17-8784_S4_L001_R2_001.fastq.gz,21135554,ROS36
D17-8784_S4_L002_I1_001.fastq.gz,21135554,ROS36
D17-8784_S4_L002_R1_001.fastq.gz,21135554,ROS36
D17-8784_S4_L002_R2_001.fastq.gz,21135554,ROS36
D17-8784_S4_L003_I1_001.fastq.gz,21135554,ROS36
D17-8784_S4_L003_R1_001.fastq.gz,21135554,ROS36
D17-8784_S4_L003_R2_001.fastq.gz,21135554,ROS36
D17-8784_S4_L004_I1_001.fastq.gz,21135554,ROS36
D17-8784_S4_L004_R1_001.fastq.gz,21135554,ROS36
D17-8784_S4_L004_R2_001.fastq.gz,21135554,ROS36
D17-8785_S1_L001_I1_001.fastq.gz,20275399,ROS8
D17-8785_S1_L001_R1_001.fastq.gz,20275399,ROS8
D17-8785_S1_L001_R2_001.fastq.gz,20275399,ROS8
D17-8785_S1_L002_I1_001.fastq.gz,20275399,ROS8
D17-8785_S1_L002_R1_001.fastq.gz,20275399,ROS8
D17-8785_S1_L002_R2_001.fastq.gz,20275399,ROS8
D17-8785_S1_L003_I1_001.fastq.gz,20275399,ROS8
D17-8785_S1_L003_R1_001.fastq.gz,20275399,ROS8
D17-8785_S1_L003_R2_001.fastq.gz,20275399,ROS8
D17-8785_S1_L004_I1_001.fastq.gz,20275399,ROS8
D17-8785_S1_L004_R1_001.fastq.gz,20275399,ROS8
D17-8785_S1_L004_R2_001.fastq.gz,20275399,ROS8
D17-8786_S2_L001_I1_001.fastq.gz,20282398,ROS30
D17-8786_S2_L001_R1_001.fastq.gz,20282398,ROS30
D17-8786_S2_L001_R2_001.fastq.gz,20282398,ROS30
D17-8786_S2_L002_I1_001.fastq.gz,20282398,ROS30
D17-8786_S2_L002_R1_001.fastq.gz,20282398,ROS30
D17-8786_S2_L002_R2_001.fastq.gz,20282398,ROS30
D17-8786_S2_L003_I1_001.fastq.gz,20282398,ROS30
D17-8786_S2_L003_R1_001.fastq.gz,20282398,ROS30
D17-8786_S2_L003_R2_001.fastq.gz,20282398,ROS30
D17-8786_S2_L004_I1_001.fastq.gz,20282398,ROS30
D17-8786_S2_L004_R1_001.fastq.gz,20282398,ROS30
D17-8786_S2_L004_R2_001.fastq.gz,20282398,ROS30
D17-8787_S3_L001_I1_001.fastq.gz,10102206,ROS20
D17-8787_S3_L001_R1_001.fastq.gz,10102206,ROS20
D17-8787_S3_L001_R2_001.fastq.gz,10102206,ROS20
D17-8787_S3_L002_I1_001.fastq.gz,10102206,ROS20
D17-8787_S3_L002_R1_001.fastq.gz,10102206,ROS20
D17-8787_S3_L002_R2_001.fastq.gz,10102206,ROS20
D17-8787_S3_L003_I1_001.fastq.gz,10102206,ROS20
D17-8787_S3_L003_R1_001.fastq.gz,10102206,ROS20
D17-8787_S3_L003_R2_001.fastq.gz,10102206,ROS20
D17-8787_S3_L004_I1_001.fastq.gz,10102206,ROS20
D17-8787_S3_L004_R1_001.fastq.gz,10102206,ROS20
D17-8787_S3_L004_R2_001.fastq.gz,10102206,ROS20
D17-8788_S4_L001_I1_001.fastq.gz,11609672,ROS48
D17-8788_S4_L001_R1_001.fastq.gz,11609672,ROS48
D17-8788_S4_L001_R2_001.fastq.gz,11609672,ROS48
D17-8788_S4_L002_I1_001.fastq.gz,11609672,ROS48
D17-8788_S4_L002_R1_001.fastq.gz,11609672,ROS48
D17-8788_S4_L002_R2_001.fastq.gz,11609672,ROS48
D17-8788_S4_L003_I1_001.fastq.gz,11609672,ROS48
D17-8788_S4_L003_R1_001.fastq.gz,11609672,ROS48
D17-8788_S4_L003_R2_001.fastq.gz,11609672,ROS48
D17-8788_S4_L004_I1_001.fastq.gz,11609672,ROS48
D17-8788_S4_L004_R1_001.fastq.gz,11609672,ROS48
D17-8788_S4_L004_R2_001.fastq.gz,11609672,ROS48
D17-8789_S1_L001_I1_001.fastq.gz,20249897,ROS9
D17-8789_S1_L001_R1_001.fastq.gz,20249897,ROS9
D17-8789_S1_L001_R2_001.fastq.gz,20249897,ROS9
D17-8789_S1_L002_I1_001.fastq.gz,20249897,ROS9
D17-8789_S1_L002_R1_001.fastq.gz,20249897,ROS9
D17-8789_S1_L002_R2_001.fastq.gz,20249897,ROS9
D17-8789_S1_L003_I1_001.fastq.gz,20249897,ROS9
D17-8789_S1_L003_R1_001.fastq.gz,20249897,ROS9
D17-8789_S1_L003_R2_001.fastq.gz,20249897,ROS9
D17-8789_S1_L004_I1_001.fastq.gz,20249897,ROS9
D17-8789_S1_L004_R1_001.fastq.gz,20249897,ROS9
D17-8789_S1_L004_R2_001.fastq.gz,20249897,ROS9
D17-8790_S2_L001_I1_001.fastq.gz,20978133,ROS28
D17-8790_S2_L001_R1_001.fastq.gz,20978133,ROS28
D17-8790_S2_L001_R2_001.fastq.gz,20978133,ROS28
D17-8790_S2_L002_I1_001.fastq.gz,20978133,ROS28
D17-8790_S2_L002_R1_001.fastq.gz,20978133,ROS28
D17-8790_S2_L002_R2_001.fastq.gz,20978133,ROS28
D17-8790_S2_L003_I1_001.fastq.gz,20978133,ROS28
D17-8790_S2_L003_R1_001.fastq.gz,20978133,ROS28
D17-8790_S2_L003_R2_001.fastq.gz,20978133,ROS28
D17-8790_S2_L004_I1_001.fastq.gz,20978133,ROS28
D17-8790_S2_L004_R1_001.fastq.gz,20978133,ROS28
D17-8790_S2_L004_R2_001.fastq.gz,20978133,ROS28
D17-8791_S3_L001_I1_001.fastq.gz,11399871,ROS21
D17-8791_S3_L001_R1_001.fastq.gz,11399871,ROS21
D17-8791_S3_L001_R2_001.fastq.gz,11399871,ROS21
D17-8791_S3_L002_I1_001.fastq.gz,11399871,ROS21
D17-8791_S3_L002_R1_001.fastq.gz,11399871,ROS21
D17-8791_S3_L002_R2_001.fastq.gz,11399871,ROS21
D17-8791_S3_L003_I1_001.fastq.gz,11399871,ROS21
D17-8791_S3_L003_R1_001.fastq.gz,11399871,ROS21
D17-8791_S3_L003_R2_001.fastq.gz,11399871,ROS21
D17-8791_S3_L004_I1_001.fastq.gz,11399871,ROS21
D17-8791_S3_L004_R1_001.fastq.gz,11399871,ROS21
D17-8791_S3_L004_R2_001.fastq.gz,11399871,ROS21
D17-8792_S4_L001_I1_001.fastq.gz,11345331,ROS42
D17-8792_S4_L001_R1_001.fastq.gz,11345331,ROS42
D17-8792_S4_L001_R2_001.fastq.gz,11345331,ROS42
D17-8792_S4_L002_I1_001.fastq.gz,11345331,ROS42
D17-8792_S4_L002_R1_001.fastq.gz,11345331,ROS42
D17-8792_S4_L002_R2_001.fastq.gz,11345331,ROS42
D17-8792_S4_L003_I1_001.fastq.gz,11345331,ROS42
D17-8792_S4_L003_R1_001.fastq.gz,11345331,ROS42
D17-8792_S4_L003_R2_001.fastq.gz,11345331,ROS42
D17-8792_S4_L004_I1_001.fastq.gz,11345331,ROS42
D17-8792_S4_L004_R1_001.fastq.gz,11345331,ROS42
D17-8792_S4_L004_R2_001.fastq.gz,11345331,ROS42
D17-8793_S1_L001_I1_001.fastq.gz,10101291,ROS22
D17-8793_S1_L001_R1_001.fastq.gz,10101291,ROS22
D17-8793_S1_L001_R2_001.fastq.gz,10101291,ROS22
D17-8793_S1_L002_I1_001.fastq.gz,10101291,ROS22
D17-8793_S1_L002_R1_001.fastq.gz,10101291,ROS22
D17-8793_S1_L002_R2_001.fastq.gz,10101291,ROS22
D17-8793_S1_L003_I1_001.fastq.gz,10101291,ROS22
D17-8793_S1_L003_R1_001.fastq.gz,10101291,ROS22
D17-8793_S1_L003_R2_001.fastq.gz,10101291,ROS22
D17-8793_S1_L004_I1_001.fastq.gz,10101291,ROS22
D17-8793_S1_L004_R1_001.fastq.gz,10101291,ROS22
D17-8793_S1_L004_R2_001.fastq.gz,10101291,ROS22
D17-8794_S2_L001_I1_001.fastq.gz,11630705,ROS46
D17-8794_S2_L001_R1_001.fastq.gz,11630705,ROS46
D17-8794_S2_L001_R2_001.fastq.gz,11630705,ROS46
D17-8794_S2_L002_I1_001.fastq.gz,11630705,ROS46
D17-8794_S2_L002_R1_001.fastq.gz,11630705,ROS46
D17-8794_S2_L002_R2_001.fastq.gz,11630705,ROS46
D17-8794_S2_L003_I1_001.fastq.gz,11630705,ROS46
D17-8794_S2_L003_R1_001.fastq.gz,11630705,ROS46
D17-8794_S2_L003_R2_001.fastq.gz,11630705,ROS46
D17-8794_S2_L004_I1_001.fastq.gz,11630705,ROS46
D17-8794_S2_L004_R1_001.fastq.gz,11630705,ROS46
D17-8794_S2_L004_R2_001.fastq.gz,11630705,ROS46
D17-8795_S3_L001_I1_001.fastq.gz,21126823,ROS10
D17-8795_S3_L001_R1_001.fastq.gz,21126823,ROS10
D17-8795_S3_L001_R2_001.fastq.gz,21126823,ROS10
D17-8795_S3_L002_I1_001.fastq.gz,21126823,ROS10
D17-8795_S3_L002_R1_001.fastq.gz,21126823,ROS10
D17-8795_S3_L002_R2_001.fastq.gz,21126823,ROS10
D17-8795_S3_L003_I1_001.fastq.gz,21126823,ROS10
D17-8795_S3_L003_R1_001.fastq.gz,21126823,ROS10
D17-8795_S3_L003_R2_001.fastq.gz,21126823,ROS10
D17-8795_S3_L004_I1_001.fastq.gz,21126823,ROS10
D17-8795_S3_L004_R1_001.fastq.gz,21126823,ROS10
D17-8795_S3_L004_R2_001.fastq.gz,21126823,ROS10
D17-8796_S4_L001_I1_001.fastq.gz,20173942,ROS27
D17-8796_S4_L001_R1_001.fastq.gz,20173942,ROS27
D17-8796_S4_L001_R2_001.fastq.gz,20173942,ROS27
D17-8796_S4_L002_I1_001.fastq.gz,20173942,ROS27
D17-8796_S4_L002_R1_001.fastq.gz,20173942,ROS27
D17-8796_S4_L002_R2_001.fastq.gz,20173942,ROS27
D17-8796_S4_L003_I1_001.fastq.gz,20173942,ROS27
D17-8796_S4_L003_R1_001.fastq.gz,20173942,ROS27
D17-8796_S4_L003_R2_001.fastq.gz,20173942,ROS27
D17-8796_S4_L004_I1_001.fastq.gz,20173942,ROS27
D17-8796_S4_L004_R1_001.fastq.gz,20173942,ROS27
D17-8796_S4_L004_R2_001.fastq.gz,20173942,ROS27
D17-8797_S1_L001_I1_001.fastq.gz,11072071,ROS23
D17-8797_S1_L001_R1_001.fastq.gz,11072071,ROS23
D17-8797_S1_L001_R2_001.fastq.gz,11072071,ROS23
D17-8797_S1_L002_I1_001.fastq.gz,11072071,ROS23
D17-8797_S1_L002_R1_001.fastq.gz,11072071,ROS23
D17-8797_S1_L002_R2_001.fastq.gz,11072071,ROS23
D17-8797_S1_L003_I1_001.fastq.gz,11072071,ROS23
D17-8797_S1_L003_R1_001.fastq.gz,11072071,ROS23
D17-8797_S1_L003_R2_001.fastq.gz,11072071,ROS23
D17-8797_S1_L004_I1_001.fastq.gz,11072071,ROS23
D17-8797_S1_L004_R1_001.fastq.gz,11072071,ROS23
D17-8797_S1_L004_R2_001.fastq.gz,11072071,ROS23
D17-8798_S2_L001_I1_001.fastq.gz,11159965,ROS47
D17-8798_S2_L001_R1_001.fastq.gz,11159965,ROS47
D17-8798_S2_L001_R2_001.fastq.gz,11159965,ROS47
D17-8798_S2_L002_I1_001.fastq.gz,11159965,ROS47
D17-8798_S2_L002_R1_001.fastq.gz,11159965,ROS47
D17-8798_S2_L002_R2_001.fastq.gz,11159965,ROS47
D17-8798_S2_L003_I1_001.fastq.gz,11159965,ROS47
D17-8798_S2_L003_R1_001.fastq.gz,11159965,ROS47
D17-8798_S2_L003_R2_001.fastq.gz,11159965,ROS47
D17-8798_S2_L004_I1_001.fastq.gz,11159965,ROS47
D17-8798_S2_L004_R1_001.fastq.gz,11159965,ROS47
D17-8798_S2_L004_R2_001.fastq.gz,11159965,ROS47
D17-8799_S3_L001_I1_001.fastq.gz,11399321,ROS24
D17-8799_S3_L001_R1_001.fastq.gz,11399321,ROS24
D17-8799_S3_L001_R2_001.fastq.gz,11399321,ROS24
D17-8799_S3_L002_I1_001.fastq.gz,11399321,ROS24
D17-8799_S3_L002_R1_001.fastq.gz,11399321,ROS24
D17-8799_S3_L002_R2_001.fastq.gz,11399321,ROS24
D17-8799_S3_L003_I1_001.fastq.gz,11399321,ROS24
D17-8799_S3_L003_R1_001.fastq.gz,11399321,ROS24
D17-8799_S3_L003_R2_001.fastq.gz,11399321,ROS24
D17-8799_S3_L004_I1_001.fastq.gz,11399321,ROS24
D17-8799_S3_L004_R1_001.fastq.gz,11399321,ROS24
D17-8799_S3_L004_R2_001.fastq.gz,11399321,ROS24
D17-8800_S4_L001_I1_001.fastq.gz,11302830,ROS40
D17-8800_S4_L001_R1_001.fastq.gz,11302830,ROS40
D17-8800_S4_L001_R2_001.fastq.gz,11302830,ROS40
D17-8800_S4_L002_I1_001.fastq.gz,11302830,ROS40
D17-8800_S4_L002_R1_001.fastq.gz,11302830,ROS40
D17-8800_S4_L002_R2_001.fastq.gz,11302830,ROS40
D17-8800_S4_L003_I1_001.fastq.gz,11302830,ROS40
D17-8800_S4_L003_R1_001.fastq.gz,11302830,ROS40
D17-8800_S4_L003_R2_001.fastq.gz,11302830,ROS40
D17-8800_S4_L004_I1_001.fastq.gz,11302830,ROS40
D17-8800_S4_L004_R1_001.fastq.gz,11302830,ROS40
D17-8800_S4_L004_R2_001.fastq.gz,11302830,ROS40